byte_Img1_0,byte_Img1_1,byte_Img1_2,byte_Img1_3,byte_Img1_4,byte_Img1_5,byte_Img1_6,byte_Img1_7,byte_Img1_8,byte_Img1_9,byte_Img1_10,byte_Img1_11,byte_Img1_12,byte_Img1_13,byte_Img1_14,byte_Img1_15,byte_Img1_16,byte_Img1_17,byte_Img1_18,byte_Img1_19,byte_Img1_20,byte_Img1_21,byte_Img1_22,byte_Img1_23,byte_Img1_24,byte_Img1_25,byte_Img1_26,byte_Img1_27,byte_Img1_28,byte_Img1_29,byte_Img1_30,byte_Img1_31,byte_Img1_32,byte_Img1_33,byte_Img1_34,byte_Img1_35,byte_Img1_36,byte_Img1_37,byte_Img1_38,byte_Img1_39,byte_Img1_40,byte_Img1_41,byte_Img1_42,byte_Img1_43,byte_Img1_44,byte_Img1_45,byte_Img1_46,byte_Img1_47,byte_Img1_48,byte_Img1_49,byte_Img1_50,byte_Img1_51
0.03903890850261659,11340.706902301044,0.2319650233655524,7382.936485520706,0.2449996494652044,209.07738370144608,18191.03903978177,7.473838486202872,11.31903222245211,0.0002136579628321622,6.7862687512860145,-0.18670851893062296,0.950156895036615,0.03633016043916362,12265.81714495675,0.16893059096993632,7379.53834642531,0.22196929283422723,209.2032935419354,17252.33624074445,7.541999319603162,11.507912500114376,0.0001759053973315687,6.92745821282573,-0.15707495187111403,0.9270256343138904,0.04294458706302783,6290.999313067565,0.573785172833925,7380.080316417905,0.5307104981385533,209.19470235710452,23229.321952604078,6.950006013407906,10.127806816812207,0.0010723132455559713,4.6821869492208315,-0.3780918252049385,0.9955409131465427,0.03633418908216496,12262.468576486735,0.16915792113377473,7379.5423272375665,0.2218264709531401,209.2033920809689,17255.700732463512,7.541606754202068,11.507189325853243,0.0001757147848801644,6.927358665642841,-0.1571899154837628,0.9271343781984029
