db_por,dd_por,dw_por,dc_por,db0_por,dbN0_por,dd_text,db_text,dd_rdata,db3_rdata,db3_data,db3_all,dd4,dd5,dd6,dd4_all,dd5_all,dd6_all
0.9822266343933699,0.0009983156908456123,1.1154365260844832e-05,0.9832361044494763,0.061887900646849334,0.9381120993531507,0.007245851749873198,0.010144192449822476,0.013780223108374135,0.7440815708444803,0.706019947023137,1.3930173673467112,0,6,1,0.0,6.692619156506899e-06,1.1154365260844832e-06,0.0,0.0,0.0,2.2615991767778995e-05,3.7693319612964995e-06,0.04363760695805915
